id;title;content;source;domain
1;open-source aggregate monitor;Assurance Central;Industrial Arizona Usability;holistic
2;Dynamic application;black;Algeria JBOD Saint Kitts and Nevis;Court embrace
3;Garden parse Louisiana;Handcrafted;Facilitator driver;bus
4;Regional;Silver Awesome Steel Ball;Licensed Plastic Soap connect Computer;Direct Savings Account Sleek Concrete Chips
5;withdrawal;Representative;Minnesota executive salmon;redundant Drives
6;Gorgeous;non-volatile;Personal Loan Account Netherlands Antillian Guilder communities;Chicken
7;throughput redundant Awesome;override Integration;Rhode Island;clicks-and-mortar Investment Account
8;sensor Enterprise-wide azure;input;Coves;Planner
9;Home Loan Account;Frozen optical;bus;programming Intranet back up
10;Ball;Solutions RSS;Infrastructure Croatian Kuna;Checking Account Refined Concrete Soap Hong Kong Dollar
